TRANSPARENT,TRANSPARENT,TRANSPARENT,TRANSPARENT,TRANSPARENT,TRANSPARENT,TRANSPARENT,TRANSPARENT,TRANSPARENT,TRANSPARENT,TRANSPARENT,TRANSPARENT,TRANSPARENT,TRANSPARENT,TRANSPARENT,TRANSPARENT,TRANSPARENT,TRANSPARENT,TRANSPARENT,TRANSPARENT,TRANSPARENT,TRANSPARENT,TRANSPARENT,TRANSPARENT,TRANSPARENT,TRANSPARENT,TRANSPARENT,TRANSPARENT,TRANSPARENT,TRANSPARENT,TRANSPARENT,TRANSPARENT,TRANSPARENT,TRANSPARENT,TRANSPARENT,TRANSPARENT,TRANSPARENT,TRANSPARENT,TRANSPARENT,TRANSPARENT,TRANSPARENT,TRANSPARENT,TRANSPARENT,TRANSPARENT,TRANSPARENT,TRANSPARENT,TRANSPARENT,TRANSPARENT,TRANSPARENT,TRANSPARENT
TRANSPARENT,TRANSPARENT,TRANSPARENT,TRANSPARENT,TRANSPARENT,TRANSPARENT,TRANSPARENT,TRANSPARENT,TRANSPARENT,TRANSPARENT,TRANSPARENT,TRANSPARENT,TRANSPARENT,TRANSPARENT,TRANSPARENT,TRANSPARENT,TRANSPARENT,TRANSPARENT,TRANSPARENT,TRANSPARENT,TRANSPARENT,TRANSPARENT,TRANSPARENT,TRANSPARENT,TRANSPARENT,TRANSPARENT,TRANSPARENT,TRANSPARENT,TRANSPARENT,TRANSPARENT,TRANSPARENT,TRANSPARENT,TRANSPARENT,TRANSPARENT,TRANSPARENT,TRANSPARENT,TRANSPARENT,TRANSPARENT,TRANSPARENT,TRANSPARENT,TRANSPARENT,TRANSPARENT,TRANSPARENT,TRANSPARENT,TRANSPARENT,TRANSPARENT,TRANSPARENT,TRANSPARENT,TRANSPARENT,TRANSPARENT
TRANSPARENT,TRANSPARENT,TRANSPARENT,TRANSPARENT,TRANSPARENT,TRANSPARENT,TRANSPARENT,TRANSPARENT,TRANSPARENT,TRANSPARENT,TRANSPARENT,TRANSPARENT,TRANSPARENT,TRANSPARENT,TRANSPARENT,TRANSPARENT,TRANSPARENT,TRANSPARENT,TRANSPARENT,TRANSPARENT,TRANSPARENT,TRANSPARENT,TRANSPARENT,TRANSPARENT,TRANSPARENT,TRANSPARENT,TRANSPARENT,TRANSPARENT,TRANSPARENT,TRANSPARENT,TRANSPARENT,TRANSPARENT,TRANSPARENT,TRANSPARENT,TRANSPARENT,TRANSPARENT,TRANSPARENT,TRANSPARENT,TRANSPARENT,TRANSPARENT,TRANSPARENT,TRANSPARENT,TRANSPARENT,TRANSPARENT,TRANSPARENT,TRANSPARENT,TRANSPARENT,TRANSPARENT,TRANSPARENT,TRANSPARENT
TRANSPARENT,TRANSPARENT,TRANSPARENT,#E99C17,#E99C17,#E99C17,#E99C17,#D98C39,#D98C39,TRANSPARENT,TRANSPARENT,TRANSPARENT,TRANSPARENT,TRANSPARENT,TRANSPARENT,TRANSPARENT,TRANSPARENT,TRANSPARENT,TRANSPARENT,TRANSPARENT,TRANSPARENT,TRANSPARENT,TRANSPARENT,TRANSPARENT,TRANSPARENT,TRANSPARENT,TRANSPARENT,TRANSPARENT,TRANSPARENT,TRANSPARENT,TRANSPARENT,TRANSPARENT,TRANSPARENT,TRANSPARENT,TRANSPARENT,TRANSPARENT,TRANSPARENT,TRANSPARENT,TRANSPARENT,TRANSPARENT,TRANSPARENT,#E99C17,#E99C17,#E99C17,#E99C17,#D98C39,#D98C39,TRANSPARENT,TRANSPARENT,TRANSPARENT
TRANSPARENT,#EDB045,#EDB045,#EDB045,#EDB045,#E99C17,#E99C17,#E99C17,#D98C39,#D98C39,TRANSPARENT,TRANSPARENT,TRANSPARENT,TRANSPARENT,TRANSPARENT,TRANSPARENT,TRANSPARENT,TRANSPARENT,TRANSPARENT,TRANSPARENT,TRANSPARENT,TRANSPARENT,TRANSPARENT,TRANSPARENT,TRANSPARENT,TRANSPARENT,TRANSPARENT,TRANSPARENT,TRANSPARENT,TRANSPARENT,TRANSPARENT,TRANSPARENT,TRANSPARENT,TRANSPARENT,TRANSPARENT,TRANSPARENT,TRANSPARENT,TRANSPARENT,TRANSPARENT,TRANSPARENT,#E99C17,#E99C17,#E99C17,#E99C17,#E99C17,#E99C17,#E99C17,#D98C39,TRANSPARENT,TRANSPARENT
TRANSPARENT,#E99C17,#EDB045,#E99C17,#E99C17,#E99C17,#E99C17,#E99C17,#E99C17,#D98C39,#EDB045,#EDB045,#EDB045,#EDB045,#EDB045,#EDB045,#EDB045,#EDB045,#EDB045,#EDB045,#EDB045,#EDB045,#EDB045,#EDB045,#EDB045,#EDB045,#EDB045,#EDB045,#EDB045,#EDB045,#EDB045,#EDB045,#EDB045,#EDB045,#EDB045,#EDB045,#EDB045,#EDB045,#D98C39,#D98C39,#E99C17,#E99C17,#E99C17,#E99C17,#E99C17,#E99C17,#E99C17,#E99C17,#D98C39,TRANSPARENT
#E99C17,#E99C17,#E99C17,#D98C39,TRANSPARENT,TRANSPARENT,TRANSPARENT,#E99C17,#E99C17,#D98C39,#E99C17,#E99C17,#E99C17,#E99C17,#E99C17,#E99C17,#E99C17,#E99C17,#E99C17,#E99C17,#E99C17,#E99C17,#E99C17,#E99C17,#E99C17,#E99C17,#E99C17,#E99C17,#E99C17,#E99C17,#E99C17,#E99C17,#E99C17,#E99C17,#E99C17,#E99C17,#E99C17,#E99C17,#D98C39,#D98C39,#E99C17,#E99C17,#FFC830,TRANSPARENT,TRANSPARENT,TRANSPARENT,#E99C17,#E99C17,#D98C39,#D98C39
#E99C17,#E99C17,#D98C39,TRANSPARENT,TRANSPARENT,TRANSPARENT,TRANSPARENT,TRANSPARENT,#E99C17,#E99C17,#E99C17,#E99C17,#EDB045,#EDB045,#EDB045,#E99C17,#E99C17,#E99C17,#E99C17,#E99C17,#E99C17,#E99C17,#E99C17,#E99C17,#E99C17,#E99C17,#E99C17,#E99C17,#E99C17,#E99C17,#E99C17,#E99C17,#E99C17,#E99C17,#E99C17,#E99C17,#E99C17,#E99C17,#D98C39,#D98C39,#E99C17,#E99C17,TRANSPARENT,TRANSPARENT,TRANSPARENT,TRANSPARENT,TRANSPARENT,#E99C17,#E99C17,#D98C39
#E99C17,#D98C39,#D98C39,TRANSPARENT,TRANSPARENT,TRANSPARENT,TRANSPARENT,TRANSPARENT,#E99C17,#D98C39,#E99C17,#EDB045,#FFD568,#FFD568,#EDB045,#E99C17,#E99C17,#E99C17,#E99C17,#E99C17,#E99C17,#E99C17,#E99C17,#E99C17,#E99C17,#E99C17,#E99C17,#E99C17,#E99C17,#E99C17,#E99C17,#E99C17,#E99C17,#E99C17,#E99C17,#E99C17,#E99C17,#E99C17,#D98C39,#D98C39,#E99C17,#E99C17,TRANSPARENT,TRANSPARENT,TRANSPARENT,TRANSPARENT,TRANSPARENT,#E99C17,#E99C17,#D98C39
#E99C17,#D98C39,TRANSPARENT,TRANSPARENT,TRANSPARENT,TRANSPARENT,TRANSPARENT,TRANSPARENT,TRANSPARENT,TRANSPARENT,#E99C17,#E99C17,#FFD568,#FFD568,#EDB045,#E99C17,#E99C17,#E99C17,#E99C17,#E99C17,#E99C17,#E99C17,#E99C17,#E99C17,#E99C17,#E99C17,#E99C17,#E99C17,#E99C17,#E99C17,#E99C17,#E99C17,#E99C17,#E99C17,#E99C17,#E99C17,#E99C17,#E99C17,#D98C39,#D98C39,TRANSPARENT,TRANSPARENT,TRANSPARENT,TRANSPARENT,TRANSPARENT,TRANSPARENT,TRANSPARENT,#E99C17,#E99C17,#D98C39
#E99C17,#D98C39,#D98C39,TRANSPARENT,TRANSPARENT,TRANSPARENT,TRANSPARENT,TRANSPARENT,TRANSPARENT,TRANSPARENT,#E99C17,#E99C17,#FFD568,#FFD568,#FFC365,#E99C17,#E99C17,#E99C17,#E99C17,#E99C17,#E99C17,#E99C17,#E99C17,#E99C17,#E99C17,#E99C17,#E99C17,#E99C17,#E99C17,#E99C17,#E99C17,#E99C17,#E99C17,#E99C17,#E99C17,#E99C17,#E99C17,#E99C17,#D98C39,#D98C39,TRANSPARENT,TRANSPARENT,TRANSPARENT,TRANSPARENT,TRANSPARENT,TRANSPARENT,TRANSPARENT,#E99C17,#E99C17,#D98C39
#E99C17,#E99C17,#D98C39,TRANSPARENT,TRANSPARENT,TRANSPARENT,TRANSPARENT,TRANSPARENT,TRANSPARENT,TRANSPARENT,#E99C17,#E99C17,#FFD568,#FFD568,#FFC365,#E99C17,#E99C17,#E99C17,#E99C17,#E99C17,#E99C17,#E99C17,#E99C17,#E99C17,#E99C17,#E99C17,#E99C17,#E99C17,#E99C17,#E99C17,#E99C17,#E99C17,#E99C17,#E99C17,#E99C17,#E99C17,#E99C17,#E99C17,#D98C39,#D98C39,TRANSPARENT,TRANSPARENT,TRANSPARENT,TRANSPARENT,TRANSPARENT,TRANSPARENT,TRANSPARENT,#E99C17,#E99C17,#D98C39
#E99C17,#E99C17,#D98C39,#D98C39,TRANSPARENT,TRANSPARENT,TRANSPARENT,TRANSPARENT,TRANSPARENT,TRANSPARENT,#E99C17,#E99C17,#FFC365,#FFD568,#FFD568,#E99C17,#E99C17,#E99C17,#E99C17,#E99C17,#E99C17,#E99C17,#E99C17,#E99C17,#E99C17,#E99C17,#E99C17,#E99C17,#E99C17,#E99C17,#E99C17,#E99C17,#E99C17,#E99C17,#E99C17,#E99C17,#E99C17,#E99C17,#D98C39,#D98C39,TRANSPARENT,TRANSPARENT,TRANSPARENT,TRANSPARENT,TRANSPARENT,TRANSPARENT,#E99C17,#E99C17,#D98C39,#D98C39
TRANSPARENT,#E99C17,#E99C17,#D98C39,#D98C39,TRANSPARENT,TRANSPARENT,TRANSPARENT,TRANSPARENT,TRANSPARENT,#E99C17,#E99C17,#EDB045,#FFD568,#FFD568,#E99C17,#E99C17,#E99C17,#E99C17,#E99C17,#E99C17,#E99C17,#E99C17,#E99C17,#E99C17,#E99C17,#E99C17,#E99C17,#E99C17,#E99C17,#E99C17,#E99C17,#E99C17,#E99C17,#E99C17,#E99C17,#E99C17,#E99C17,#D98C39,#D98C39,TRANSPARENT,TRANSPARENT,TRANSPARENT,TRANSPARENT,TRANSPARENT,#E99C17,#E99C17,#E99C17,#D98C39,TRANSPARENT
TRANSPARENT,#E99C17,#E99C17,#E99C17,#D98C39,#D98C39,TRANSPARENT,TRANSPARENT,TRANSPARENT,TRANSPARENT,#E99C17,#E99C17,#EDB045,#FFD568,#FFD568,#E99C17,#E99C17,#E99C17,#E99C17,#E99C17,#E99C17,#E99C17,#E99C17,#E99C17,#E99C17,#E99C17,#E99C17,#E99C17,#E99C17,#E99C17,#E99C17,#E99C17,#E99C17,#E99C17,#E99C17,#E99C17,#E99C17,#E99C17,#D98C39,#D98C39,TRANSPARENT,TRANSPARENT,TRANSPARENT,TRANSPARENT,#E99C17,#E99C17,#E99C17,#D98C39,#8D7A35,TRANSPARENT
TRANSPARENT,TRANSPARENT,#E99C17,#E99C17,#E99C17,#D98C39,#D98C39,TRANSPARENT,TRANSPARENT,TRANSPARENT,#E99C17,#E99C17,#EDB045,#FFD568,#FFD568,#EDB045,#E99C17,#E99C17,#E99C17,#E99C17,#E99C17,#E99C17,#E99C17,#E99C17,#E99C17,#E99C17,#E99C17,#E99C17,#E99C17,#E99C17,#E99C17,#E99C17,#E99C17,#E99C17,#E99C17,#E99C17,#E99C17,#D98C39,#D98C39,#D98C39,TRANSPARENT,TRANSPARENT,TRANSPARENT,#E99C17,#E99C17,#E99C17,#D98C39,#D98C39,TRANSPARENT,TRANSPARENT
TRANSPARENT,TRANSPARENT,TRANSPARENT,#E99C17,#E99C17,#E99C17,#E99C17,#D98C39,TRANSPARENT,TRANSPARENT,#E99C17,#E99C17,#E99C17,#FFD568,#FFD568,#EDB045,#E99C17,#E99C17,#E99C17,#E99C17,#E99C17,#E99C17,#E99C17,#E99C17,#E99C17,#E99C17,#E99C17,#E99C17,#E99C17,#E99C17,#E99C17,#E99C17,#E99C17,#E99C17,#E99C17,#E99C17,#E99C17,#D98C39,#D98C39,TRANSPARENT,TRANSPARENT,TRANSPARENT,#E99C17,#E99C17,#E99C17,#D98C39,#D98C39,TRANSPARENT,TRANSPARENT,TRANSPARENT
TRANSPARENT,TRANSPARENT,TRANSPARENT,TRANSPARENT,#E99C17,#E99C17,#E99C17,#E99C17,#D98C39,#D98C39,#EDB045,#E99C17,#E99C17,#FFC365,#FFD568,#EDB045,#E99C17,#E99C17,#E99C17,#E99C17,#E99C17,#E99C17,#E99C17,#E99C17,#E99C17,#E99C17,#E99C17,#E99C17,#E99C17,#E99C17,#E99C17,#E99C17,#E99C17,#E99C17,#E99C17,#E99C17,#E99C17,#D98C39,#D98C39,TRANSPARENT,#E99C17,#E99C17,#E99C17,#E99C17,#D98C39,#D98C39,TRANSPARENT,TRANSPARENT,TRANSPARENT,TRANSPARENT
TRANSPARENT,TRANSPARENT,TRANSPARENT,TRANSPARENT,TRANSPARENT,#EDB045,#E99C17,#E99C17,#E99C17,#D98C39,#D98C39,#E99C17,#E99C17,#EDB045,#FFD568,#EDB045,#E99C17,#E99C17,#E99C17,#E99C17,#E99C17,#E99C17,#E99C17,#E99C17,#E99C17,#E99C17,#E99C17,#E99C17,#E99C17,#E99C17,#E99C17,#E99C17,#E99C17,#E99C17,#E99C17,#E99C17,#E99C17,#D98C39,#D98C39,#E99C17,#E99C17,#E99C17,#D98C39,#D98C39,TRANSPARENT,TRANSPARENT,TRANSPARENT,TRANSPARENT,TRANSPARENT,TRANSPARENT
TRANSPARENT,TRANSPARENT,TRANSPARENT,TRANSPARENT,TRANSPARENT,TRANSPARENT,TRANSPARENT,#E99C17,#E99C17,#E99C17,#D98C39,#E99C17,#E99C17,#EDB045,#FFD568,#FFC365,#E99C17,#E99C17,#E99C17,#E99C17,#E99C17,#E99C17,#E99C17,#E99C17,#E99C17,#E99C17,#E99C17,#E99C17,#E99C17,#E99C17,#E99C17,#E99C17,#E99C17,#E99C17,#E99C17,#E99C17,#D98C39,#D98C39,#D98C39,#E99C17,#E99C17,#D98C39,#D98C39,TRANSPARENT,TRANSPARENT,TRANSPARENT,TRANSPARENT,TRANSPARENT,TRANSPARENT,TRANSPARENT
TRANSPARENT,TRANSPARENT,TRANSPARENT,TRANSPARENT,TRANSPARENT,TRANSPARENT,TRANSPARENT,TRANSPARENT,#E99C17,#E99C17,#E99C17,#D98C39,#E99C17,#E99C17,#FFD568,#FFD568,#E99C17,#E99C17,#E99C17,#E99C17,#E99C17,#E99C17,#E99C17,#E99C17,#E99C17,#E99C17,#E99C17,#E99C17,#E99C17,#E99C17,#E99C17,#E99C17,#E99C17,#E99C17,#E99C17,#E99C17,#D98C39,#D98C39,#E99C17,#E99C17,#D98C39,#D98C39,TRANSPARENT,TRANSPARENT,TRANSPARENT,TRANSPARENT,TRANSPARENT,TRANSPARENT,TRANSPARENT,TRANSPARENT
TRANSPARENT,TRANSPARENT,TRANSPARENT,TRANSPARENT,TRANSPARENT,TRANSPARENT,TRANSPARENT,TRANSPARENT,TRANSPARENT,#E99C17,#E99C17,#D98C39,#E99C17,#E99C17,#EDB045,#FFD568,#EDB045,#E99C17,#E99C17,#E99C17,#E99C17,#E99C17,#E99C17,#E99C17,#E99C17,#E99C17,#E99C17,#E99C17,#E99C17,#E99C17,#E99C17,#E99C17,#E99C17,#E99C17,#E99C17,#E99C17,#D98C39,#D98C39,#E99C17,#D98C39,#D98C39,TRANSPARENT,TRANSPARENT,TRANSPARENT,TRANSPARENT,TRANSPARENT,TRANSPARENT,TRANSPARENT,TRANSPARENT,TRANSPARENT
TRANSPARENT,TRANSPARENT,TRANSPARENT,TRANSPARENT,TRANSPARENT,TRANSPARENT,TRANSPARENT,TRANSPARENT,TRANSPARENT,TRANSPARENT,#E99C17,#E99C17,#E99C17,#E99C17,#EDB045,#FFD568,#EDB045,#E99C17,#E99C17,#E99C17,#E99C17,#E99C17,#E99C17,#E99C17,#E99C17,#E99C17,#E99C17,#E99C17,#E99C17,#E99C17,#E99C17,#E99C17,#E99C17,#E99C17,#E99C17,#D98C39,#D98C39,#E99C17,#D98C39,#D98C39,TRANSPARENT,TRANSPARENT,TRANSPARENT,TRANSPARENT,TRANSPARENT,TRANSPARENT,TRANSPARENT,TRANSPARENT,TRANSPARENT,TRANSPARENT
TRANSPARENT,TRANSPARENT,TRANSPARENT,TRANSPARENT,TRANSPARENT,TRANSPARENT,TRANSPARENT,TRANSPARENT,#E99C17,#E99C17,#E99C17,#E99C17,#D98C39,#E99C17,#E99C17,#FFC365,#FFC365,#E99C17,#E99C17,#E99C17,#E99C17,#E99C17,#E99C17,#E99C17,#E99C17,#E99C17,#E99C17,#E99C17,#E99C17,#E99C17,#E99C17,#E99C17,#E99C17,#E99C17,#E99C17,#D98C39,#D98C39,#E99C17,#E99C17,#E99C17,#E99C17,#D98C39,TRANSPARENT,TRANSPARENT,TRANSPARENT,TRANSPARENT,TRANSPARENT,TRANSPARENT,TRANSPARENT,TRANSPARENT
TRANSPARENT,TRANSPARENT,TRANSPARENT,TRANSPARENT,TRANSPARENT,TRANSPARENT,TRANSPARENT,TRANSPARENT,#E99C17,#E99C17,#E99C17,#D98C39,#D98C39,#E99C17,#E99C17,#EDB045,#FFD568,#EDB045,#E99C17,#E99C17,#E99C17,#E99C17,#E99C17,#E99C17,#E99C17,#E99C17,#E99C17,#E99C17,#E99C17,#E99C17,#E99C17,#E99C17,#E99C17,#E99C17,#D98C39,#D98C39,#D98C39,#E99C17,#E99C17,#E99C17,#E99C17,#D98C39,TRANSPARENT,TRANSPARENT,TRANSPARENT,TRANSPARENT,TRANSPARENT,TRANSPARENT,TRANSPARENT,TRANSPARENT
TRANSPARENT,TRANSPARENT,TRANSPARENT,TRANSPARENT,TRANSPARENT,TRANSPARENT,TRANSPARENT,TRANSPARENT,#E99C17,#E99C17,#D98C39,#D98C39,TRANSPARENT,#E99C17,#E99C17,#E99C17,#EDB045,#EDB045,#E99C17,#E99C17,#E99C17,#E99C17,#E99C17,#E99C17,#E99C17,#E99C17,#E99C17,#E99C17,#E99C17,#E99C17,#E99C17,#E99C17,#E99C17,#E99C17,#D98C39,#D98C39,#E1B383,TRANSPARENT,#E99C17,#E99C17,#D98C39,#D98C39,TRANSPARENT,TRANSPARENT,TRANSPARENT,TRANSPARENT,TRANSPARENT,TRANSPARENT,TRANSPARENT,TRANSPARENT
TRANSPARENT,TRANSPARENT,TRANSPARENT,TRANSPARENT,TRANSPARENT,TRANSPARENT,TRANSPARENT,TRANSPARENT,TRANSPARENT,TRANSPARENT,TRANSPARENT,TRANSPARENT,TRANSPARENT,TRANSPARENT,#E99C17,#E99C17,#E99C17,#FFD568,#E99C17,#E99C17,#E99C17,#E99C17,#E99C17,#E99C17,#E99C17,#E99C17,#E99C17,#E99C17,#E99C17,#E99C17,#E99C17,#E99C17,#E99C17,#D98C39,#D98C39,#D98C39,TRANSPARENT,TRANSPARENT,TRANSPARENT,TRANSPARENT,TRANSPARENT,TRANSPARENT,TRANSPARENT,TRANSPARENT,TRANSPARENT,TRANSPARENT,TRANSPARENT,TRANSPARENT,TRANSPARENT,TRANSPARENT
TRANSPARENT,TRANSPARENT,TRANSPARENT,TRANSPARENT,TRANSPARENT,TRANSPARENT,TRANSPARENT,TRANSPARENT,TRANSPARENT,TRANSPARENT,TRANSPARENT,TRANSPARENT,TRANSPARENT,TRANSPARENT,TRANSPARENT,#E99C17,#E99C17,#EDB045,#EDB045,#E99C17,#E99C17,#E99C17,#E99C17,#E99C17,#E99C17,#E99C17,#E99C17,#E99C17,#E99C17,#E99C17,#E99C17,#E99C17,#D98C39,#D98C39,#D98C39,TRANSPARENT,TRANSPARENT,TRANSPARENT,TRANSPARENT,TRANSPARENT,TRANSPARENT,TRANSPARENT,TRANSPARENT,TRANSPARENT,TRANSPARENT,TRANSPARENT,TRANSPARENT,TRANSPARENT,TRANSPARENT,TRANSPARENT
TRANSPARENT,TRANSPARENT,TRANSPARENT,TRANSPARENT,TRANSPARENT,TRANSPARENT,TRANSPARENT,TRANSPARENT,TRANSPARENT,TRANSPARENT,TRANSPARENT,TRANSPARENT,TRANSPARENT,TRANSPARENT,TRANSPARENT,#D98C39,#E99C17,#E99C17,#E99C17,#E99C17,#E99C17,#E99C17,#E99C17,#E99C17,#E99C17,#E99C17,#E99C17,#E99C17,#E99C17,#E99C17,#E99C17,#D98C39,#D98C39,#D98C39,TRANSPARENT,TRANSPARENT,TRANSPARENT,TRANSPARENT,TRANSPARENT,TRANSPARENT,TRANSPARENT,TRANSPARENT,TRANSPARENT,TRANSPARENT,TRANSPARENT,TRANSPARENT,TRANSPARENT,TRANSPARENT,TRANSPARENT,TRANSPARENT
TRANSPARENT,TRANSPARENT,TRANSPARENT,TRANSPARENT,TRANSPARENT,TRANSPARENT,TRANSPARENT,TRANSPARENT,TRANSPARENT,TRANSPARENT,TRANSPARENT,TRANSPARENT,TRANSPARENT,TRANSPARENT,TRANSPARENT,TRANSPARENT,#D98C39,#D98C39,#E99C17,#E99C17,#E99C17,#E99C17,#E99C17,#E99C17,#E99C17,#E99C17,#E99C17,#E99C17,#E99C17,#E99C17,#D98C39,#D98C39,#D98C39,TRANSPARENT,TRANSPARENT,TRANSPARENT,TRANSPARENT,TRANSPARENT,TRANSPARENT,TRANSPARENT,TRANSPARENT,TRANSPARENT,TRANSPARENT,TRANSPARENT,TRANSPARENT,TRANSPARENT,TRANSPARENT,TRANSPARENT,TRANSPARENT,TRANSPARENT
TRANSPARENT,TRANSPARENT,TRANSPARENT,TRANSPARENT,TRANSPARENT,TRANSPARENT,TRANSPARENT,TRANSPARENT,TRANSPARENT,TRANSPARENT,TRANSPARENT,TRANSPARENT,TRANSPARENT,TRANSPARENT,TRANSPARENT,TRANSPARENT,TRANSPARENT,TRANSPARENT,#D98C39,#D98C39,#E99C17,#E99C17,#E99C17,#E99C17,#E99C17,#E99C17,#E99C17,#D98C39,#D98C39,#D98C39,#D98C39,#D98C39,TRANSPARENT,TRANSPARENT,TRANSPARENT,TRANSPARENT,TRANSPARENT,TRANSPARENT,TRANSPARENT,TRANSPARENT,TRANSPARENT,TRANSPARENT,TRANSPARENT,TRANSPARENT,TRANSPARENT,TRANSPARENT,TRANSPARENT,TRANSPARENT,TRANSPARENT,TRANSPARENT
TRANSPARENT,TRANSPARENT,TRANSPARENT,TRANSPARENT,TRANSPARENT,TRANSPARENT,TRANSPARENT,TRANSPARENT,TRANSPARENT,TRANSPARENT,TRANSPARENT,TRANSPARENT,TRANSPARENT,TRANSPARENT,TRANSPARENT,TRANSPARENT,TRANSPARENT,TRANSPARENT,TRANSPARENT,#D98C39,#D98C39,#D98C39,#D98C39,#D98C39,#D98C39,#D98C39,#D98C39,#D98C39,#D98C39,#D98C39,#D98C39,TRANSPARENT,TRANSPARENT,TRANSPARENT,TRANSPARENT,TRANSPARENT,TRANSPARENT,TRANSPARENT,TRANSPARENT,TRANSPARENT,TRANSPARENT,TRANSPARENT,TRANSPARENT,TRANSPARENT,TRANSPARENT,TRANSPARENT,TRANSPARENT,TRANSPARENT,TRANSPARENT,TRANSPARENT
TRANSPARENT,TRANSPARENT,TRANSPARENT,TRANSPARENT,TRANSPARENT,TRANSPARENT,TRANSPARENT,TRANSPARENT,TRANSPARENT,TRANSPARENT,TRANSPARENT,TRANSPARENT,TRANSPARENT,TRANSPARENT,TRANSPARENT,TRANSPARENT,TRANSPARENT,TRANSPARENT,TRANSPARENT,TRANSPARENT,#E99C17,#E99C17,#D98C39,#D98C39,#D98C39,#D98C39,#D98C39,#D98C39,#D98C39,#D98C39,TRANSPARENT,TRANSPARENT,TRANSPARENT,TRANSPARENT,TRANSPARENT,TRANSPARENT,TRANSPARENT,TRANSPARENT,TRANSPARENT,TRANSPARENT,TRANSPARENT,TRANSPARENT,TRANSPARENT,TRANSPARENT,TRANSPARENT,TRANSPARENT,TRANSPARENT,TRANSPARENT,TRANSPARENT,TRANSPARENT
TRANSPARENT,TRANSPARENT,TRANSPARENT,TRANSPARENT,TRANSPARENT,TRANSPARENT,TRANSPARENT,TRANSPARENT,TRANSPARENT,TRANSPARENT,TRANSPARENT,TRANSPARENT,TRANSPARENT,TRANSPARENT,TRANSPARENT,TRANSPARENT,TRANSPARENT,TRANSPARENT,TRANSPARENT,TRANSPARENT,#E99C17,#E99C17,#E99C17,#E99C17,#E99C17,#E99C17,#E99C17,#E99C17,#D98C39,#D98C39,TRANSPARENT,TRANSPARENT,TRANSPARENT,TRANSPARENT,TRANSPARENT,TRANSPARENT,TRANSPARENT,TRANSPARENT,TRANSPARENT,TRANSPARENT,TRANSPARENT,TRANSPARENT,TRANSPARENT,TRANSPARENT,TRANSPARENT,TRANSPARENT,TRANSPARENT,TRANSPARENT,TRANSPARENT,TRANSPARENT
TRANSPARENT,TRANSPARENT,TRANSPARENT,TRANSPARENT,TRANSPARENT,TRANSPARENT,TRANSPARENT,TRANSPARENT,TRANSPARENT,TRANSPARENT,TRANSPARENT,TRANSPARENT,TRANSPARENT,TRANSPARENT,TRANSPARENT,TRANSPARENT,TRANSPARENT,TRANSPARENT,TRANSPARENT,TRANSPARENT,TRANSPARENT,#E99C17,#E99C17,#E99C17,#E99C17,#E99C17,#E99C17,#D98C39,#D98C39,TRANSPARENT,TRANSPARENT,TRANSPARENT,TRANSPARENT,TRANSPARENT,TRANSPARENT,TRANSPARENT,TRANSPARENT,TRANSPARENT,TRANSPARENT,TRANSPARENT,TRANSPARENT,TRANSPARENT,TRANSPARENT,TRANSPARENT,TRANSPARENT,TRANSPARENT,TRANSPARENT,TRANSPARENT,TRANSPARENT,TRANSPARENT
TRANSPARENT,TRANSPARENT,TRANSPARENT,TRANSPARENT,TRANSPARENT,TRANSPARENT,TRANSPARENT,TRANSPARENT,TRANSPARENT,TRANSPARENT,TRANSPARENT,TRANSPARENT,TRANSPARENT,TRANSPARENT,TRANSPARENT,TRANSPARENT,TRANSPARENT,TRANSPARENT,TRANSPARENT,TRANSPARENT,TRANSPARENT,TRANSPARENT,#D98C39,#E99C17,#E99C17,#D98C39,#D98C39,#D98C39,TRANSPARENT,TRANSPARENT,TRANSPARENT,TRANSPARENT,TRANSPARENT,TRANSPARENT,TRANSPARENT,TRANSPARENT,TRANSPARENT,TRANSPARENT,TRANSPARENT,TRANSPARENT,TRANSPARENT,TRANSPARENT,TRANSPARENT,TRANSPARENT,TRANSPARENT,TRANSPARENT,TRANSPARENT,TRANSPARENT,TRANSPARENT,TRANSPARENT
TRANSPARENT,TRANSPARENT,TRANSPARENT,TRANSPARENT,TRANSPARENT,TRANSPARENT,TRANSPARENT,TRANSPARENT,TRANSPARENT,TRANSPARENT,TRANSPARENT,TRANSPARENT,TRANSPARENT,TRANSPARENT,TRANSPARENT,TRANSPARENT,TRANSPARENT,TRANSPARENT,TRANSPARENT,TRANSPARENT,TRANSPARENT,TRANSPARENT,#E99C17,#D98C39,#D98C39,#D98C39,#D98C39,#D98C39,TRANSPARENT,TRANSPARENT,TRANSPARENT,TRANSPARENT,TRANSPARENT,TRANSPARENT,TRANSPARENT,TRANSPARENT,TRANSPARENT,TRANSPARENT,TRANSPARENT,TRANSPARENT,TRANSPARENT,TRANSPARENT,TRANSPARENT,TRANSPARENT,TRANSPARENT,TRANSPARENT,TRANSPARENT,TRANSPARENT,TRANSPARENT,TRANSPARENT
TRANSPARENT,TRANSPARENT,TRANSPARENT,TRANSPARENT,TRANSPARENT,TRANSPARENT,TRANSPARENT,TRANSPARENT,TRANSPARENT,TRANSPARENT,TRANSPARENT,TRANSPARENT,TRANSPARENT,TRANSPARENT,TRANSPARENT,TRANSPARENT,TRANSPARENT,TRANSPARENT,TRANSPARENT,TRANSPARENT,TRANSPARENT,#EDB045,#E99C17,#E99C17,#E99C17,#E99C17,#E99C17,#D98C39,TRANSPARENT,TRANSPARENT,TRANSPARENT,TRANSPARENT,TRANSPARENT,TRANSPARENT,TRANSPARENT,TRANSPARENT,TRANSPARENT,TRANSPARENT,TRANSPARENT,TRANSPARENT,TRANSPARENT,TRANSPARENT,TRANSPARENT,TRANSPARENT,TRANSPARENT,TRANSPARENT,TRANSPARENT,TRANSPARENT,TRANSPARENT,TRANSPARENT
TRANSPARENT,TRANSPARENT,TRANSPARENT,TRANSPARENT,TRANSPARENT,TRANSPARENT,TRANSPARENT,TRANSPARENT,TRANSPARENT,TRANSPARENT,TRANSPARENT,TRANSPARENT,TRANSPARENT,TRANSPARENT,TRANSPARENT,TRANSPARENT,TRANSPARENT,TRANSPARENT,TRANSPARENT,TRANSPARENT,TRANSPARENT,#E99C17,#E99C17,#E99C17,#E99C17,#E99C17,#E99C17,#D98C39,#D98C39,TRANSPARENT,TRANSPARENT,TRANSPARENT,TRANSPARENT,TRANSPARENT,TRANSPARENT,TRANSPARENT,TRANSPARENT,TRANSPARENT,TRANSPARENT,TRANSPARENT,TRANSPARENT,TRANSPARENT,TRANSPARENT,TRANSPARENT,TRANSPARENT,TRANSPARENT,TRANSPARENT,TRANSPARENT,TRANSPARENT,TRANSPARENT
TRANSPARENT,TRANSPARENT,TRANSPARENT,TRANSPARENT,TRANSPARENT,TRANSPARENT,TRANSPARENT,TRANSPARENT,TRANSPARENT,TRANSPARENT,TRANSPARENT,TRANSPARENT,TRANSPARENT,TRANSPARENT,TRANSPARENT,TRANSPARENT,TRANSPARENT,TRANSPARENT,TRANSPARENT,TRANSPARENT,TRANSPARENT,#E99C17,#E99C17,#E99C17,#E99C17,#E99C17,#E99C17,#D98C39,#D98C39,TRANSPARENT,TRANSPARENT,TRANSPARENT,TRANSPARENT,TRANSPARENT,TRANSPARENT,TRANSPARENT,TRANSPARENT,TRANSPARENT,TRANSPARENT,TRANSPARENT,TRANSPARENT,TRANSPARENT,TRANSPARENT,TRANSPARENT,TRANSPARENT,TRANSPARENT,TRANSPARENT,TRANSPARENT,TRANSPARENT,TRANSPARENT
TRANSPARENT,TRANSPARENT,TRANSPARENT,TRANSPARENT,TRANSPARENT,TRANSPARENT,TRANSPARENT,TRANSPARENT,TRANSPARENT,TRANSPARENT,TRANSPARENT,TRANSPARENT,TRANSPARENT,TRANSPARENT,TRANSPARENT,TRANSPARENT,TRANSPARENT,TRANSPARENT,TRANSPARENT,TRANSPARENT,#E99C17,#E99C17,#EDB045,#E99C17,#E99C17,#E99C17,#E99C17,#E99C17,#D98C39,TRANSPARENT,TRANSPARENT,TRANSPARENT,TRANSPARENT,TRANSPARENT,TRANSPARENT,TRANSPARENT,TRANSPARENT,TRANSPARENT,TRANSPARENT,TRANSPARENT,TRANSPARENT,TRANSPARENT,TRANSPARENT,TRANSPARENT,TRANSPARENT,TRANSPARENT,TRANSPARENT,TRANSPARENT,TRANSPARENT,TRANSPARENT
TRANSPARENT,TRANSPARENT,TRANSPARENT,TRANSPARENT,TRANSPARENT,TRANSPARENT,TRANSPARENT,TRANSPARENT,TRANSPARENT,TRANSPARENT,TRANSPARENT,TRANSPARENT,TRANSPARENT,TRANSPARENT,TRANSPARENT,TRANSPARENT,TRANSPARENT,TRANSPARENT,TRANSPARENT,TRANSPARENT,#E99C17,#E99C17,#EDB045,#E99C17,#E99C17,#E99C17,#E99C17,#E99C17,#D98C39,#D98C39,TRANSPARENT,TRANSPARENT,TRANSPARENT,TRANSPARENT,TRANSPARENT,TRANSPARENT,TRANSPARENT,TRANSPARENT,TRANSPARENT,TRANSPARENT,TRANSPARENT,TRANSPARENT,TRANSPARENT,TRANSPARENT,TRANSPARENT,TRANSPARENT,TRANSPARENT,TRANSPARENT,TRANSPARENT,TRANSPARENT
TRANSPARENT,TRANSPARENT,TRANSPARENT,TRANSPARENT,TRANSPARENT,TRANSPARENT,TRANSPARENT,TRANSPARENT,TRANSPARENT,TRANSPARENT,TRANSPARENT,TRANSPARENT,TRANSPARENT,TRANSPARENT,TRANSPARENT,TRANSPARENT,TRANSPARENT,TRANSPARENT,TRANSPARENT,#E99C17,#E99C17,#EDB045,#EDB045,#E99C17,#E99C17,#E99C17,#E99C17,#E99C17,#E99C17,#D98C39,#D98C39,TRANSPARENT,TRANSPARENT,TRANSPARENT,TRANSPARENT,TRANSPARENT,TRANSPARENT,TRANSPARENT,TRANSPARENT,TRANSPARENT,TRANSPARENT,TRANSPARENT,TRANSPARENT,TRANSPARENT,TRANSPARENT,TRANSPARENT,TRANSPARENT,TRANSPARENT,TRANSPARENT,TRANSPARENT
TRANSPARENT,TRANSPARENT,TRANSPARENT,TRANSPARENT,TRANSPARENT,TRANSPARENT,TRANSPARENT,TRANSPARENT,TRANSPARENT,TRANSPARENT,TRANSPARENT,TRANSPARENT,TRANSPARENT,TRANSPARENT,TRANSPARENT,TRANSPARENT,TRANSPARENT,TRANSPARENT,#E99C17,#E99C17,#EDB045,#FFD568,#EDB045,#E99C17,#E99C17,#E99C17,#E99C17,#E99C17,#E99C17,#E99C17,#D98C39,#D98C39,TRANSPARENT,TRANSPARENT,TRANSPARENT,TRANSPARENT,TRANSPARENT,TRANSPARENT,TRANSPARENT,TRANSPARENT,TRANSPARENT,TRANSPARENT,TRANSPARENT,TRANSPARENT,TRANSPARENT,TRANSPARENT,TRANSPARENT,TRANSPARENT,TRANSPARENT,TRANSPARENT
TRANSPARENT,TRANSPARENT,TRANSPARENT,TRANSPARENT,TRANSPARENT,TRANSPARENT,TRANSPARENT,TRANSPARENT,TRANSPARENT,TRANSPARENT,TRANSPARENT,TRANSPARENT,TRANSPARENT,TRANSPARENT,TRANSPARENT,TRANSPARENT,TRANSPARENT,#E99C17,#E99C17,#EDB045,#FFD568,#FFD568,#EDB045,#E99C17,#E99C17,#E99C17,#E99C17,#E99C17,#E99C17,#E99C17,#E99C17,#D98C39,#D98C39,TRANSPARENT,TRANSPARENT,TRANSPARENT,TRANSPARENT,TRANSPARENT,TRANSPARENT,TRANSPARENT,TRANSPARENT,TRANSPARENT,TRANSPARENT,TRANSPARENT,TRANSPARENT,TRANSPARENT,TRANSPARENT,TRANSPARENT,TRANSPARENT,TRANSPARENT
TRANSPARENT,TRANSPARENT,TRANSPARENT,TRANSPARENT,TRANSPARENT,TRANSPARENT,TRANSPARENT,TRANSPARENT,TRANSPARENT,TRANSPARENT,TRANSPARENT,TRANSPARENT,TRANSPARENT,TRANSPARENT,TRANSPARENT,TRANSPARENT,#E99C17,#E99C17,#E99C17,#EDB045,#EDB045,#EDB045,#E99C17,#E99C17,#E99C17,#E99C17,#E99C17,#E99C17,#E99C17,#E99C17,#E99C17,#E99C17,#D98C39,#D98C39,TRANSPARENT,TRANSPARENT,TRANSPARENT,TRANSPARENT,TRANSPARENT,TRANSPARENT,TRANSPARENT,TRANSPARENT,TRANSPARENT,TRANSPARENT,TRANSPARENT,TRANSPARENT,TRANSPARENT,TRANSPARENT,TRANSPARENT,TRANSPARENT
TRANSPARENT,TRANSPARENT,TRANSPARENT,TRANSPARENT,TRANSPARENT,TRANSPARENT,TRANSPARENT,TRANSPARENT,TRANSPARENT,TRANSPARENT,TRANSPARENT,TRANSPARENT,TRANSPARENT,TRANSPARENT,#48464E,#1D3344,#8D614C,#8D7A35,#8D7A35,#8D7A35,#8D7A35,#8D7A35,#8D7A35,#8D7A35,#8D7A35,#8D7A35,#8D7A35,#8D7A35,#8D7A35,#8D7A35,#8D7A35,#8D7A35,#8D614C,#48464E,#1D3344,#48464E,TRANSPARENT,TRANSPARENT,TRANSPARENT,TRANSPARENT,TRANSPARENT,TRANSPARENT,TRANSPARENT,TRANSPARENT,TRANSPARENT,TRANSPARENT,TRANSPARENT,TRANSPARENT,TRANSPARENT,TRANSPARENT
TRANSPARENT,TRANSPARENT,TRANSPARENT,TRANSPARENT,TRANSPARENT,TRANSPARENT,TRANSPARENT,TRANSPARENT,TRANSPARENT,TRANSPARENT,TRANSPARENT,TRANSPARENT,TRANSPARENT,TRANSPARENT,#48464E,#48464E,#48464E,#48464E,#48464E,#48464E,#1D3344,#1D3344,#1D3344,#1D3344,#1D3344,#1D3344,#1D3344,#1D3344,#1D3344,#1D3344,#1D3344,#1D3344,#1D3344,#1D3344,#1D3344,#2F2B2F,TRANSPARENT,TRANSPARENT,TRANSPARENT,TRANSPARENT,TRANSPARENT,TRANSPARENT,TRANSPARENT,TRANSPARENT,TRANSPARENT,TRANSPARENT,TRANSPARENT,TRANSPARENT,TRANSPARENT,TRANSPARENT
TRANSPARENT,TRANSPARENT,TRANSPARENT,TRANSPARENT,TRANSPARENT,TRANSPARENT,TRANSPARENT,TRANSPARENT,TRANSPARENT,TRANSPARENT,TRANSPARENT,TRANSPARENT,TRANSPARENT,TRANSPARENT,#48464E,#48464E,#48464E,#48464E,#1D3344,#1D3344,#1D3344,#1D3344,#1D3344,#1D3344,#1D3344,#1D3344,#1D3344,#1D3344,#1D3344,#1D3344,#1D3344,#1D3344,#1D3344,#1D3344,#1D3344,#2F2B2F,TRANSPARENT,TRANSPARENT,TRANSPARENT,TRANSPARENT,TRANSPARENT,TRANSPARENT,TRANSPARENT,TRANSPARENT,TRANSPARENT,TRANSPARENT,TRANSPARENT,TRANSPARENT,TRANSPARENT,TRANSPARENT
TRANSPARENT,TRANSPARENT,TRANSPARENT,TRANSPARENT,TRANSPARENT,TRANSPARENT,TRANSPARENT,TRANSPARENT,TRANSPARENT,TRANSPARENT,TRANSPARENT,TRANSPARENT,TRANSPARENT,TRANSPARENT,#48464E,#48464E,#1D3344,#8D7A35,#EDB045,#EDB045,#EDB045,#EDB045,#EDB045,#EDB045,#EDB045,#EDB045,#EDB045,#EDB045,#EDB045,#EDB045,#D98C39,#8D7A35,#644749,#1D3344,#1D3344,#2F2B2F,TRANSPARENT,TRANSPARENT,TRANSPARENT,TRANSPARENT,TRANSPARENT,TRANSPARENT,TRANSPARENT,TRANSPARENT,TRANSPARENT,TRANSPARENT,TRANSPARENT,TRANSPARENT,TRANSPARENT,TRANSPARENT
TRANSPARENT,TRANSPARENT,TRANSPARENT,TRANSPARENT,TRANSPARENT,TRANSPARENT,TRANSPARENT,TRANSPARENT,TRANSPARENT,TRANSPARENT,TRANSPARENT,TRANSPARENT,TRANSPARENT,TRANSPARENT,#48464E,#1D3344,#1D3344,#D98C39,#FFD568,#FFD568,#EDB045,#EDB045,#E99C17,#E99C17,#E99C17,#E99C17,#E99C17,#E99C17,#E99C17,#E99C17,#D98C39,#D98C39,#78524B,#1D3344,#1D3344,#2F2B2F,TRANSPARENT,TRANSPARENT,TRANSPARENT,TRANSPARENT,TRANSPARENT,TRANSPARENT,TRANSPARENT,TRANSPARENT,TRANSPARENT,TRANSPARENT,TRANSPARENT,TRANSPARENT,TRANSPARENT,TRANSPARENT
TRANSPARENT,TRANSPARENT,TRANSPARENT,TRANSPARENT,TRANSPARENT,TRANSPARENT,TRANSPARENT,TRANSPARENT,TRANSPARENT,TRANSPARENT,TRANSPARENT,TRANSPARENT,TRANSPARENT,TRANSPARENT,#48464E,#1D3344,#1D3344,#D98C39,#FFC365,#E99C17,#E99C17,#E99C17,#E99C17,#E99C17,#E99C17,#E99C17,#E99C17,#E99C17,#E99C17,#E99C17,#D98C39,#D98C39,#78524B,#1D3344,#1D3344,#2F2B2F,TRANSPARENT,TRANSPARENT,TRANSPARENT,TRANSPARENT,TRANSPARENT,TRANSPARENT,TRANSPARENT,TRANSPARENT,TRANSPARENT,TRANSPARENT,TRANSPARENT,TRANSPARENT,TRANSPARENT,TRANSPARENT
TRANSPARENT,TRANSPARENT,TRANSPARENT,TRANSPARENT,TRANSPARENT,TRANSPARENT,TRANSPARENT,TRANSPARENT,TRANSPARENT,TRANSPARENT,TRANSPARENT,TRANSPARENT,TRANSPARENT,TRANSPARENT,#48464E,#1D3344,#1D3344,#D98C39,#E99C17,#E99C17,#E99C17,#E99C17,#E99C17,#E99C17,#E99C17,#E99C17,#E99C17,#E99C17,#D98C39,#D98C39,#D98C39,#D98C39,#78524B,#1D3344,#1D3344,#2F2B2F,TRANSPARENT,TRANSPARENT,TRANSPARENT,TRANSPARENT,TRANSPARENT,TRANSPARENT,TRANSPARENT,TRANSPARENT,TRANSPARENT,TRANSPARENT,TRANSPARENT,TRANSPARENT,TRANSPARENT,TRANSPARENT
TRANSPARENT,TRANSPARENT,TRANSPARENT,TRANSPARENT,TRANSPARENT,TRANSPARENT,TRANSPARENT,TRANSPARENT,TRANSPARENT,TRANSPARENT,TRANSPARENT,TRANSPARENT,TRANSPARENT,TRANSPARENT,#48464E,#1D3344,#1D3344,#D98C39,#E99C17,#E99C17,#E99C17,#E99C17,#E99C17,#E99C17,#E99C17,#E99C17,#E99C17,#D98C39,#D98C39,#D98C39,#D98C39,#D98C39,#78524B,#1D3344,#1D3344,#2F2B2F,TRANSPARENT,TRANSPARENT,TRANSPARENT,TRANSPARENT,TRANSPARENT,TRANSPARENT,TRANSPARENT,TRANSPARENT,TRANSPARENT,TRANSPARENT,TRANSPARENT,TRANSPARENT,TRANSPARENT,TRANSPARENT
TRANSPARENT,TRANSPARENT,TRANSPARENT,TRANSPARENT,TRANSPARENT,TRANSPARENT,TRANSPARENT,TRANSPARENT,TRANSPARENT,TRANSPARENT,TRANSPARENT,TRANSPARENT,TRANSPARENT,TRANSPARENT,#48464E,#1D3344,#1D3344,#8D7A35,#D98C39,#D98C39,#D98C39,#D98C39,#D98C39,#8D7A35,#8D7A35,#8D7A35,#8D7A35,#8D7A35,#8D7A35,#8D7A35,#8D7A35,#8D7A35,#48464E,#1D3344,#1D3344,#2F2B2F,TRANSPARENT,TRANSPARENT,TRANSPARENT,TRANSPARENT,TRANSPARENT,TRANSPARENT,TRANSPARENT,TRANSPARENT,TRANSPARENT,TRANSPARENT,TRANSPARENT,TRANSPARENT,TRANSPARENT,TRANSPARENT
TRANSPARENT,TRANSPARENT,TRANSPARENT,TRANSPARENT,TRANSPARENT,TRANSPARENT,TRANSPARENT,TRANSPARENT,TRANSPARENT,TRANSPARENT,TRANSPARENT,TRANSPARENT,TRANSPARENT,TRANSPARENT,#48464E,#1D3344,#1D3344,#1D3344,#1D3344,#1D3344,#1D3344,#1D3344,#1D3344,#1D3344,#1D3344,#1D3344,#1D3344,#1D3344,#1D3344,#1D3344,#1D3344,#1D3344,#1D3344,#1D3344,#1D3344,#2F2B2F,TRANSPARENT,TRANSPARENT,TRANSPARENT,TRANSPARENT,TRANSPARENT,TRANSPARENT,TRANSPARENT,TRANSPARENT,TRANSPARENT,TRANSPARENT,TRANSPARENT,TRANSPARENT,TRANSPARENT,TRANSPARENT
TRANSPARENT,TRANSPARENT,TRANSPARENT,TRANSPARENT,TRANSPARENT,TRANSPARENT,TRANSPARENT,TRANSPARENT,TRANSPARENT,TRANSPARENT,TRANSPARENT,TRANSPARENT,TRANSPARENT,TRANSPARENT,#48464E,#1D3344,#1D3344,#1D3344,#1D3344,#1D3344,#1D3344,#1D3344,#1D3344,#1D3344,#1D3344,#1D3344,#1D3344,#1D3344,#1D3344,#1D3344,#1D3344,#1D3344,#1D3344,#1D3344,#1D3344,#2F2B2F,TRANSPARENT,TRANSPARENT,TRANSPARENT,TRANSPARENT,TRANSPARENT,TRANSPARENT,TRANSPARENT,TRANSPARENT,TRANSPARENT,TRANSPARENT,TRANSPARENT,TRANSPARENT,TRANSPARENT,TRANSPARENT
TRANSPARENT,TRANSPARENT,TRANSPARENT,TRANSPARENT,TRANSPARENT,TRANSPARENT,TRANSPARENT,TRANSPARENT,TRANSPARENT,TRANSPARENT,TRANSPARENT,TRANSPARENT,#2F2B2F,#2F2B2F,#1D3344,#1D3344,#1D3344,#1D3344,#1D3344,#1D3344,#1D3344,#1D3344,#1D3344,#1D3344,#1D3344,#1D3344,#1D3344,#1D3344,#1D3344,#1D3344,#1D3344,#1D3344,#1D3344,#1D3344,#1D3344,#2F2B2F,#2F2B2F,#1D1414,TRANSPARENT,TRANSPARENT,TRANSPARENT,TRANSPARENT,TRANSPARENT,TRANSPARENT,TRANSPARENT,TRANSPARENT,TRANSPARENT,TRANSPARENT,TRANSPARENT,TRANSPARENT
TRANSPARENT,TRANSPARENT,TRANSPARENT,TRANSPARENT,TRANSPARENT,TRANSPARENT,TRANSPARENT,TRANSPARENT,TRANSPARENT,TRANSPARENT,TRANSPARENT,TRANSPARENT,#1D3344,#1D3344,#1D3344,#1D3344,#1D3344,#1D3344,#1D3344,#1D3344,#1D3344,#1D3344,#1D3344,#1D3344,#1D3344,#1D3344,#1D3344,#1D3344,#1D3344,#1D3344,#1D3344,#1D3344,#1D3344,#1D3344,#1D3344,#1D3344,#2F2B2F,#1D1414,TRANSPARENT,TRANSPARENT,TRANSPARENT,TRANSPARENT,TRANSPARENT,TRANSPARENT,TRANSPARENT,TRANSPARENT,TRANSPARENT,TRANSPARENT,TRANSPARENT,TRANSPARENT
TRANSPARENT,TRANSPARENT,TRANSPARENT,TRANSPARENT,TRANSPARENT,#EEE9EA,#EEE9EA,#EEE9EA,#EEE9EA,#EEE9EA,#EEE9EA,#EEE9EA,#697D80,#48464E,#48464E,#48464E,#48464E,#48464E,#48464E,#48464E,#48464E,#48464E,#48464E,#48464E,#48464E,#48464E,#48464E,#48464E,#48464E,#48464E,#48464E,#48464E,#48464E,#48464E,#48464E,#48464E,#48464E,#89858C,#EEE9EA,#EEE9EA,#EEE9EA,#EEE9EA,#EEE9EA,#EEE9EA,#EEE9EA,TRANSPARENT,TRANSPARENT,TRANSPARENT,TRANSPARENT,TRANSPARENT